PARAMETER,YEAR,JAN,FEB,MAR,APR,MAY,JUN,JUL,AUG,SEP,OCT,NOV,DEC,ANN
T2M,1981,20.49,25.65,28.23,33.37,33.03,30.13,25.89,24.74,24.7,23.62,20.36,20.01,25.84
T2M,1982,22.87,26.3,29.87,32.01,32.44,29.49,26.36,25.26,24.87,24.06,22.77,22.23,26.54
T2M,1983,23.02,26,29.87,33.6,35.44,31.43,26.82,25.25,24.95,23.12,19.26,20.54,26.61
T2M,1984,23.37,25.31,29.92,33.91,36.34,29.26,25.64,25.05,25.31,24.62,22.07,23.67,27.05
T2M,1985,25.15,25.9,30.78,33.18,35.75,27.78,25.58,25.24,25.87,23.28,22.4,22.76,26.98
T2M,1986,21.73,25.6,30.91,33.73,34.92,28.79,26.18,25,25.64,26.2,24.51,23.46,27.23
T2M,1987,22.88,25.19,28.97,33.31,32.76,31.22,26.35,25.79,26.59,24.96,22.9,20.44,26.77
T2M,1988,23.83,26.83,29.87,32.86,36.24,30.35,26.24,25.54,25.32,23.24,20.86,21.16,26.86
T2M,1989,22.78,25.48,27.93,33.12,35.75,28.57,25.83,24.57,24.85,24.36,23.04,21.25,26.46
T2M,1990,23.37,25.92,29.08,33.36,30.67,26.58,25.77,25.22,24.98,23.56,22.24,21.33,26
T2M,1991,23.23,26.76,31.5,33.92,36.54,28.94,25.62,24.77,25.6,24.45,22.4,21.17,27.07
T2M,1992,22.06,24.76,30.34,33.8,35.33,30.59,26.85,24.9,24.43,24.44,23.05,20.64,26.76
T2M,1993,23.14,24.4,28.36,33.4,35.68,30.61,26.06,25.32,25.02,24.4,21.31,19.37,26.43
T2M,1994,23.19,25.51,31.05,32.31,35.34,29.06,25.58,25.02,24.42,23.88,21.3,19.36,26.33
T2M,1995,19.26,24.59,29.8,32.87,32.54,31.23,25.82,25.62,25.27,23.76,20.74,20.43,25.99
T2M,1996,22.85,25.42,30.46,32,34.83,31.01,26.67,25.18,25.21,23.33,21.12,20.15,26.51
T2M,1997,20.33,23.73,29.83,29.94,33.31,30.08,26.64,25.65,25.32,25.37,24.68,23.36,26.53
T2M,1998,24.11,24.69,29.93,34.62,36.37,31.3,27.18,26,25.19,24.28,21.5,18.48,26.98
T2M,1999,20.51,26.37,30.46,33.87,32.51,28.19,26.74,25.29,25.04,24.5,22.51,20.8,26.39
T2M,2000,23.15,24.76,27.87,34.37,32.65,27.44,25.91,25.54,25.37,26.04,24.44,22.08,26.63
T2M,2001,23.33,26.26,29.65,31.91,35.06,27.61,27.25,24.96,25.88,23.87,23.03,21.37,26.68
T2M,2002,21.91,26.55,30.22,34.21,34.89,29.15,27.57,25.19,25.55,25.29,23.69,23.49,27.3
T2M,2003,23.73,27.56,30.07,33.76,35.3,30.91,26.07,25.26,25.26,24.15,21.91,20.87,27.06
T2M,2004,22.14,23.6,30.59,32.48,32.03,30.05,25.96,25.58,25.94,24.5,23.75,22.08,26.56
T2M,2005,23.21,25.58,29.49,32.44,34.79,31.3,25.92,25.27,25.23,23.77,19.04,18.94,26.25
T2M,2006,20.88,25.87,28.19,32.44,32.33,29.02,26.68,25.11,25.18,24.39,21.86,21.33,26.1
T2M,2007,22.62,25.65,29.87,33.03,35.31,29.22,26.93,25.61,25.16,22.4,20.88,21.94,26.55
T2M,2008,22.21,24.01,28.31,30.9,34.44,28.72,27.33,25.26,24.91,23.55,22.31,22.05,26.17
T2M,2009,23.5,27.14,30.08,33.11,34.34,30.36,26.94,26.93,25.98,24.11,22.84,21.89,27.26
T2M,2010,21.68,27.13,31.53,34.68,35.48,30.75,25.75,25.52,24.92,23.84,23.33,19.41,26.98
T2M,2011,20.37,24.81,29.69,32.3,34.83,29.55,26.48,25.49,25.15,24.53,23.21,22.26,26.56
T2M,2012,23.08,25.89,28.74,33.73,35.3,30.14,26.18,25.67,25.29,23.84,22.84,23.08,26.98
T2M,2013,24.01,25.68,29.9,32.5,35.56,27.35,25.23,24.87,25.24,24.05,21.02,19.69,26.26
T2M,2014,22.13,24.56,26.98,33.14,33.09,32.18,27.45,26.86,24.98,25.21,24,21.67,26.86
T2M,2015,21.17,25.39,28.2,30.33,34.69,29.49,28.67,26.74,26.73,27.69,26.33,25.02,27.55
T2M,2016,23.21,27.91,30.98,34.91,34.77,29.84,26.28,26.37,25.2,23.27,20.84,20.78,27.02
T2M,2017,21.98,25.83,29.11,33.58,35.66,29.26,27.26,26.26,26.48,25.64,23.53,21.78,27.19
T2M,2018,22.07,25.72,29.99,33.33,35.17,28.91,26.69,26.02,25.85,26.55,25.69,21.86,27.32
T2M,2019,21.23,25.44,30.13,34.3,35.93,32.54,27.18,25.8,25.62,24.46,22.15,21.45,27.19
T2M,2020,22.51,25.03,29.69,33.33,34.98,28.34,26.55,25.87,25.93,24.54,21.57,20.57,26.58
T2M,2021,23.57,24.48,29.73,32.58,32.38,27.76,26.26,25.8,25.27,24.11,22.53,20.55,26.26
RH2M,1981,53.62,27.25,38.62,22.31,40.31,61.25,81.81,86.19,89.25,83,72.75,68.31,60.62
RH2M,1982,58.62,40.12,26.06,33.5,42.38,61.06,78.31,82.38,84.25,81.31,77.38,58.62,60.44
RH2M,1983,36.88,28.75,20.12,22.5,27.44,51.5,77.06,86.31,88.06,83.56,71.81,62.12,54.88
RH2M,1984,53.06,42,23.38,24.44,20.88,60.5,81.06,81.75,78.62,71.31,50.19,34.5,51.81
RH2M,1985,48.94,21.5,21.69,27.12,26.56,70.88,79.31,82.19,75.81,72.5,55.62,44.88,52.44
RH2M,1986,49.56,47.88,27.44,28,25.25,65.94,77.06,82.69,80.06,59.56,53.31,49.44,53.88
RH2M,1987,49.62,29.62,31.62,23.81,34.12,55.44,76.31,83.19,76.75,73.81,71.25,59.19,55.62
RH2M,1988,46.88,35.19,25.12,33.69,24.5,57.31,81.88,86.75,88.75,76.81,63.44,51.25,56
RH2M,1989,33.06,16.19,37.88,20.69,23.69,63.12,82.31,86.88,85.56,71.88,60.25,50.38,52.88
RH2M,1990,31.44,26.38,29.31,20.12,56.31,78.12,79.31,85.12,85.62,84.69,78.12,65.44,60.19
RH2M,1991,40.62,26.5,23.69,25.06,22.94,69,83.06,85.44,79.62,71.06,66.19,49.5,53.69
RH2M,1992,37.94,21.94,17,22.69,27.06,57.44,75,85.56,82.25,73.56,68.5,56.38,52.19
RH2M,1993,31.69,23.12,29.81,24.69,24.88,54.56,79.69,83.88,85.12,83.38,69.06,53.31,53.81
RH2M,1994,47.44,34.19,21.69,31.5,26.94,63.75,80.56,84.19,81.94,84.5,77.88,56,57.69
RH2M,1995,58.38,39.44,36,31.19,38.44,52.75,82.44,84.81,83.69,85.62,76.25,68.69,61.69
RH2M,1996,51.88,39.75,22.31,35.31,23,53.38,75.94,84.81,85.38,82.69,70,51.25,56.38
RH2M,1997,54.69,24.06,23.88,39.62,32.88,56.81,76.56,80.69,83.81,71.06,74.56,71,57.69
RH2M,1998,51.06,42.38,27.19,25.25,27.56,55.31,76.5,86.56,88.31,86.69,79.19,60.19,58.94
RH2M,1999,45.25,37.94,18,17.19,44.38,65.06,74.31,82.62,84.19,78.12,56.94,42.88,54
RH2M,2000,29.81,41.69,23.75,22.44,42.44,72.44,79.38,83.19,82.69,64.62,48.75,22.19,51.12
RH2M,2001,34.19,20.06,32.94,37.56,29.5,68.75,70.56,85.19,80.75,82.12,65.81,41.31,54.25
RH2M,2002,46.75,35.88,24.94,23.5,36.25,66.19,71.25,84.31,79.38,67.5,45.06,36.69,51.56
RH2M,2003,35.56,37.62,30.56,29.38,20.44,54.19,81.75,85.81,85.31,81.62,70.62,55.94,55.88
RH2M,2004,52.25,41,24.06,35.38,48.56,57.94,80.38,81.88,80.69,71.88,55.38,38.69,55.75
RH2M,2005,43.69,40.88,28.31,34.25,28.5,54.88,82.88,86.56,87.94,84.19,73.94,64.25,59.31
RH2M,2006,48.25,30.38,43.69,33.56,46.06,64.5,75.75,85.06,86.75,79.62,77.25,62.5,61.31
RH2M,2007,44.69,33.88,26.25,29,29.31,66.94,76.5,83.12,87.94,77.62,66.12,56.94,56.62
RH2M,2008,36.62,42.06,41.19,39.06,26.25,62.75,71.69,85.56,86,77.56,71.06,54.12,57.81
RH2M,2009,44.56,26.94,23.94,23.25,32.62,58.56,74.69,77.12,83.31,73.06,69.31,57.44,53.88
RH2M,2010,41.94,36.44,24.56,23.12,29.94,58.5,84.81,87.44,88.19,85.12,85,71.75,59.88
RH2M,2011,51.19,43.88,25.25,31.69,28.94,60.56,78.69,84.94,85.06,76.88,58,39.06,55.38
RH2M,2012,37.25,26.62,16.62,28.38,24.5,56.69,78.81,82.5,85.38,77.12,68.88,49.12,52.69
RH2M,2013,41.56,42.75,27.25,34.81,29.56,74.44,85.12,87.06,85.5,84.5,79.62,64.81,61.5
RH2M,2014,56.38,37.75,52.06,28.69,40.5,49.31,71.81,76.5,82.38,68.62,51.19,42.25,54.94
RH2M,2015,44.31,31.88,41.25,42.62,31.38,62,65.06,77.19,75.94,57.69,49.88,37.62,51.5
RH2M,2016,32.44,32.25,28.88,24.06,35.62,62.56,80.19,78.31,84.06,76.94,62.75,47.44,53.88
RH2M,2017,36.19,25.38,26.12,17.69,28,65.81,73.38,78.62,79.62,73.75,59.56,42.5,50.69
RH2M,2018,27.94,30.06,23.69,28.62,32.75,66.06,74.69,78.56,76.38,56.56,43.75,45.69,48.81
RH2M,2019,38.38,33.44,26.12,25,22.81,49.81,75,83.75,86.38,86.38,79.94,70.94,56.62
RH2M,2020,57.62,42.62,36.38,31.19,31.5,70.06,81.88,85.69,86.44,84.62,78.12,65.56,62.69
RH2M,2021,57.12,33.88,23.69,29.5,45.75,72.81,84,85.31,88.5,83.19,83.12,69.88,63.25
WS10M,1981,3.02,2.98,3.13,3.16,3.77,5.96,4.99,5.2,3.24,2.51,2.52,2.93,3.62
WS10M,1982,3.38,3.14,3.1,3.22,3.5,5.16,4.98,5.34,3.1,2.6,3.01,3.27,3.66
WS10M,1983,3.27,3.23,3.15,3.27,3.93,5.44,5.02,4.81,3.62,3.27,2.88,3.02,3.74
WS10M,1984,3.55,3.51,3.12,3.5,4.09,5.73,4.4,5.34,3.34,2.62,3.3,2.82,3.77
WS10M,1985,3.52,2.79,2.96,3.24,4.36,5.41,4.71,4.33,3.08,3.24,3.2,3.21,3.68
WS10M,1986,3.62,3.7,3.64,3.48,4.31,5.63,5.64,4.86,2.45,2.94,2.82,3.54,3.89
WS10M,1987,3.33,3.68,2.99,3.48,2.91,4.59,5.02,4.31,3.03,2.86,3.2,2.81,3.52
WS10M,1988,2.95,3.3,3,3.11,4.41,5.18,4.66,3.9,2.91,2.44,2.62,2.64,3.43
WS10M,1989,2.9,2.91,3.41,3.27,4.5,5.91,5,5.63,3.14,2.29,3.17,3.34,3.8
WS10M,1990,3.06,2.98,3.12,3.39,4.14,5.34,5.88,5.21,3.71,3.09,2.78,2.95,3.81
WS10M,1991,3.12,3.26,3.01,2.69,3.79,5.27,5.72,5.01,2.67,2.74,3.09,3,3.62
WS10M,1992,3.05,2.83,2.66,3.33,3.65,5.02,4.75,4.41,3.47,2.79,3.01,2.7,3.48
WS10M,1993,2.77,3.38,3.05,3.12,4.25,5.12,5.12,4.38,3.36,2.47,2.81,2.75,3.55
WS10M,1994,3.01,3.33,2.76,2.9,3.95,5.55,6.2,4.97,3.47,2.68,2.77,2.76,3.7
WS10M,1995,3.3,3.17,2.85,2.98,4.12,4.79,4.62,3.85,3.38,3.12,2.65,2.84,3.48
WS10M,1996,3.32,3.41,3.07,3.27,4.45,5.05,5.06,4.08,2.65,2.92,2.48,2.66,3.54
WS10M,1997,2.81,2.57,2.95,2.89,3.53,5.12,5.32,5.26,2.49,2.29,2.52,3.08,3.41
WS10M,1998,3.13,3,3.39,3.33,3.97,4.88,4.28,3.62,3.3,2.8,2.47,2.31,3.38
WS10M,1999,2.53,3.24,2.88,3.46,4.51,5.34,5.12,4.27,3.75,2.91,3.14,2.91,3.67
WS10M,2000,3,3.07,2.87,3.59,4.38,4.57,4.96,4.45,3,2.09,2.92,2.95,3.49
WS10M,2001,2.87,2.91,3.03,3.02,4.67,5.55,5.19,4.93,2.34,2.87,2.96,2.98,3.62
WS10M,2002,3.02,3.14,2.84,2.75,4.98,4.77,5.32,5.29,3.35,2.78,2.91,2.83,3.67
WS10M,2003,2.94,3.16,3.12,3.02,4.51,5.55,4.55,4.4,3.85,2.96,2.7,3.18,3.66
WS10M,2004,3.3,3.02,2.79,3.3,4.74,5.85,4.56,5.53,2.72,2.59,3.09,2.9,3.7
WS10M,2005,3.14,3.14,3.13,2.98,3.78,5.23,5.43,4.2,3.62,2.84,2.39,2.49,3.53
WS10M,2006,2.68,2.92,3.09,2.61,3.78,4.27,6.17,5.45,2.93,2.21,2.38,2.52,3.43
WS10M,2007,2.84,3.36,3.13,2.83,3.99,4.86,4.73,4.37,3.22,2.58,2.69,2.62,3.44
WS10M,2008,2.98,2.74,3.15,2.93,4.95,5.12,4.16,4.24,3.09,2.32,2.68,2.4,3.4
WS10M,2009,3.07,2.69,2.85,3.09,3.84,5.05,6.11,3.76,3.12,2.56,2.95,2.67,3.48
WS10M,2010,2.93,3.16,2.78,2.93,4.05,4.84,4.56,3.59,3.2,2.98,2.71,2.73,3.38
WS10M,2011,2.87,3.02,2.89,3.27,3.9,5.87,4.82,4.27,3.62,2.4,2.98,3.11,3.59
WS10M,2012,2.91,3.17,3.14,2.95,4.59,5.12,5.08,4.66,3.36,2.56,2.84,2.98,3.62
WS10M,2013,3.02,3.34,3.47,3.28,4.44,5.27,5.85,4.3,2.83,2.73,2.7,2.92,3.69
WS10M,2014,3.29,3.3,2.62,2.5,3.38,5.17,5.73,3.52,3.77,2.83,3.02,3.02,3.52
WS10M,2015,3.23,3.05,2.94,2.86,3.88,5.24,5.26,3.92,2.73,2.83,3.45,2.71,3.51
WS10M,2016,2.78,3.11,2.96,2.88,4.48,4.53,5.01,4.61,3.92,2.73,2.44,2.76,3.52
WS10M,2017,2.81,2.94,3.03,2.92,3.98,4.7,5.77,3.84,2.62,2.27,2.91,3.05,3.41
WS10M,2018,2.72,2.97,2.59,2.88,3.49,4.52,5.81,5.32,2.99,3.03,2.8,2.95,3.52
WS10M,2019,3.12,3.11,3.17,3.07,3.65,4.62,5.62,4.64,3.62,2.41,2.46,3.02,3.55
WS10M,2020,3.25,3.56,2.81,2.91,3.22,4.12,3.66,4.67,2.55,2.73,2.98,2.59,3.26
WS10M,2021,2.76,3.02,3.13,2.75,4.05,4.46,4.37,3.33,3.52,2.42,2.68,2.56,3.26
WS50M,1981,4.64,4.7,4.68,4.49,5.31,7.88,7.13,7.42,4.8,3.84,3.92,4.62,5.29
WS50M,1982,5.09,4.78,4.63,4.62,4.85,6.92,6.98,7.66,4.64,3.98,4.83,5.23,5.36
WS50M,1983,4.95,4.89,4.75,4.71,5.38,7.16,6.95,6.93,5.38,4.9,4.52,4.91,5.46
WS50M,1984,5.23,5.09,4.64,4.99,5.61,7.64,6.23,7.62,4.98,4.15,5.21,4.38,5.48
WS50M,1985,5.2,4.22,4.34,4.72,5.87,7.3,6.6,6.26,4.57,5,5.18,5.2,5.38
WS50M,1986,5.66,5.31,5.21,4.98,5.87,7.27,7.72,6.83,3.59,4.69,4.56,5.31,5.59
WS50M,1987,5.19,5.59,4.45,4.97,4,5.93,6.96,6.16,4.62,4.41,4.78,4.34,5.11
WS50M,1988,4.7,4.92,4.35,4.49,6.09,6.72,6.47,5.68,4.49,3.64,3.98,4.05,4.96
WS50M,1989,4.54,4.24,4.95,4.66,6.15,7.65,6.95,7.95,4.77,3.41,5.23,5.16,5.48
WS50M,1990,4.59,4.56,4.59,4.87,5.68,7.29,8.15,7.36,5.51,4.73,4.42,4.82,5.55
WS50M,1991,4.85,5,4.36,3.86,5.31,7.05,7.86,7.2,3.92,4.26,4.88,4.69,5.27
WS50M,1992,4.83,4.23,3.9,4.86,5.09,6.78,6.62,6.42,5.08,4.22,4.71,4.2,5.08
WS50M,1993,4.27,4.97,4.66,4.53,5.8,6.71,7.07,6.27,4.97,3.85,4.45,4.25,5.15
WS50M,1994,4.57,5.04,4.13,4.17,5.37,7.23,8.52,7.09,5.05,4.1,4.3,4.28,5.33
WS50M,1995,5.05,4.91,4.19,4.37,5.76,6.47,6.55,5.66,4.91,4.68,4.04,4.45,5.09
WS50M,1996,5.1,5.17,4.57,4.74,6.23,6.55,7.01,5.95,3.99,4.43,3.71,4.04,5.12
WS50M,1997,4.38,3.66,4.41,4.32,5.08,6.83,7.38,7.48,3.76,3.64,4.03,4.74,4.99
WS50M,1998,4.68,4.52,5.02,4.7,5.44,6.34,6,5.31,4.97,4.33,3.87,3.42,4.88
WS50M,1999,3.91,4.95,4.2,5.12,5.91,7.16,7.05,6.15,5.54,4.6,4.98,4.77,5.36
WS50M,2000,4.69,4.55,4.27,5.21,5.77,6.23,6.87,6.29,4.45,3.22,4.91,4.41,5.07
WS50M,2001,4.41,4.35,4.49,4.42,6.17,7.48,7.09,6.99,3.57,4.49,4.79,4.79,5.27
WS50M,2002,4.7,4.92,4.19,3.93,6.78,6.44,7.29,7.5,4.92,4.34,4.57,4.45,5.34
WS50M,2003,4.71,4.73,4.52,4.32,6.36,7.34,6.46,6.45,5.7,4.55,4.36,5.07,5.38
WS50M,2004,5.09,4.69,4.15,4.8,6.18,7.48,6.39,7.78,4.12,4.16,5.04,4.61,5.38
WS50M,2005,4.87,4.92,4.7,4.17,5.25,6.83,7.56,6.02,5.38,4.34,3.48,3.78,5.11
WS50M,2006,4.03,4.41,4.64,3.8,5.27,5.77,8.41,7.74,4.48,3.34,3.76,4.01,4.98
WS50M,2007,4.61,5.01,4.72,4.13,5.56,6.49,6.55,6.36,4.87,3.95,4.12,4.16,5.05
WS50M,2008,4.68,4.05,4.73,4.39,6.9,6.95,5.91,6.11,4.65,3.56,4.15,3.69,4.98
WS50M,2009,4.8,4.12,4.16,4.51,5.3,6.66,8.33,5.36,4.66,3.82,4.61,4.3,5.06
WS50M,2010,4.64,4.73,4.16,4.13,5.49,6.3,6.49,5.33,4.8,4.6,4.3,4.32,4.95
WS50M,2011,4.58,4.64,4.33,4.57,5.33,7.66,6.73,6.16,5.35,3.83,4.91,5,5.26
WS50M,2012,4.48,4.9,4.64,4.21,6.29,6.89,7.1,6.71,4.94,3.9,4.63,4.79,5.3
WS50M,2013,4.77,5.21,5.14,4.72,5.89,7.12,8.09,6.24,4.22,4.09,4.26,4.6,5.37
WS50M,2014,5.16,4.91,3.98,3.68,4.62,6.9,7.76,5.11,5.57,4.52,4.84,4.88,5.16
WS50M,2015,5.05,4.66,4.46,4.11,5.39,7,7.17,5.55,4.08,4.39,5.27,4.25,5.12
WS50M,2016,4.23,4.63,4.45,4.16,6.01,6.02,6.88,6.5,5.79,4.09,3.74,4.27,5.07
WS50M,2017,4.43,4.35,4.58,4.16,5.43,6.28,7.9,5.45,3.95,3.55,4.74,4.8,4.98
WS50M,2018,4.14,4.59,3.99,4.25,4.7,6.12,7.96,7.45,4.39,4.66,4.41,4.62,5.12
WS50M,2019,4.87,4.91,4.78,4.52,5.09,5.93,7.71,6.66,5.41,3.84,4.03,4.79,5.22
WS50M,2020,4.93,5.2,4.19,4.31,4.48,5.64,5.2,6.73,3.87,4.23,4.77,4.15,4.8
WS50M,2021,4.34,4.63,4.88,4.16,5.45,6.19,6.16,4.84,5.16,3.76,4.33,4.16,4.84
T2M_MAX,1981,33.35,38.35,39.6,44.62,43.58,41.81,32.03,30.55,30.76,29.86,29.26,29.03,44.62
T2M_MAX,1982,32.09,38.05,41.86,43.05,41.8,42.17,36.37,30.96,31.11,30.12,30.37,32.47,43.05
T2M_MAX,1983,34.59,38.15,41.4,44.91,44.4,44.99,35.07,30.77,29.85,29.47,28.15,30.75,44.99
T2M_MAX,1984,33.83,35.12,42.64,43.35,45.13,42.82,33.34,31.08,32.9,32.2,32.6,34.84,45.13
T2M_MAX,1985,34.82,39.2,41.81,44.39,44.15,37.23,34.17,31.19,33.26,33.01,33.02,33.35,44.39
T2M_MAX,1986,32.4,36.87,42.12,44.34,44.24,42.62,33.01,31.11,32.65,35.38,35.24,33.33,44.34
T2M_MAX,1987,33.99,36.91,41.62,43.39,41.87,43.36,34.05,33.83,34.3,33.12,33.19,30.62,43.39
T2M_MAX,1988,35.47,37.69,41.27,43.32,46.2,43.3,33.23,31.5,30.39,30.3,30.01,32.36,46.2
T2M_MAX,1989,35.28,38.37,39.7,43.38,46.47,39.23,34.09,30.4,31.01,32.08,32.5,31.32,46.47
T2M_MAX,1990,36.11,37.8,39.94,43.83,42.28,33.3,32.65,32.12,30.05,30.15,30.55,30.54,43.83
T2M_MAX,1991,35.19,37.65,42.77,44.52,45.71,44.41,31.23,31.1,31.31,32.01,33.3,32.76,45.71
T2M_MAX,1992,34.1,37.25,42.01,42.75,44.47,41.52,33.94,32.05,29.94,32.48,32.63,30.76,44.47
T2M_MAX,1993,34.94,37.66,40.07,43.29,45.32,42.79,33.24,30.46,30.38,30.7,31.44,30.87,45.32
T2M_MAX,1994,34.52,37.08,42.19,42.08,45.87,41.51,33.88,31.98,30.49,29.61,30.51,29.98,45.87
T2M_MAX,1995,30.68,37.05,40.81,43.37,42.53,44.15,33.64,31.05,30.88,30.57,28.3,29.34,44.15
T2M_MAX,1996,34.11,37.74,42.6,44.9,44.24,42.69,35.87,32.48,30.96,29.3,29.65,30.8,44.9
T2M_MAX,1997,31.08,37.62,40.58,39.94,43.93,40.43,34.19,32.63,30.87,33.4,33.19,31.7,43.93
T2M_MAX,1998,34.71,37.31,41.58,43.8,46.01,45.09,34.33,31.62,30.13,30.16,29.3,27.81,46.01
T2M_MAX,1999,33.1,38.26,42.45,44.94,44.99,39.94,35.1,31.76,31.8,31.9,32.76,31.9,44.99
T2M_MAX,2000,35.2,35.26,40.24,44.8,44.52,35.13,31.88,32.17,31.44,34.94,34.44,33.01,44.8
T2M_MAX,2001,34.98,38.39,39.96,43.83,44.92,39.88,36.28,30.7,33.3,30.47,32.77,32.58,44.92
T2M_MAX,2002,34.16,37.65,40.76,43.7,44.38,40.15,35.27,31.23,33.4,35.94,34.6,34.25,44.38
T2M_MAX,2003,35.76,37.95,40.19,43.76,44.25,45.2,32.44,31.44,30.44,31.46,31.07,32.05,45.2
T2M_MAX,2004,33.48,37.83,41.76,43.53,42.16,41.93,33.8,31.66,33.16,33.13,33.55,32.69,43.53
T2M_MAX,2005,33.18,37.83,40.84,41.81,44.45,43.38,33.45,29.97,30.72,30.44,27.05,28.76,44.45
T2M_MAX,2006,33.8,38.8,39.81,43.28,43.76,38.61,34.73,31.04,31.84,30.83,30.5,30.73,43.76
T2M_MAX,2007,34.09,36.9,40.71,43.03,43.82,40.69,34.38,32.22,30.82,29.38,29.86,33.39,43.82
T2M_MAX,2008,33.14,35.62,38.76,43.72,44.05,41.01,36.62,31.66,30.84,30.51,31.22,32.51,44.05
T2M_MAX,2009,36.83,39.4,40.82,43.47,44.45,41.88,34.28,35.19,32.12,30.91,33.31,31.55,44.45
T2M_MAX,2010,32.32,37.46,42.02,43.93,45.31,43.08,31.34,30.9,29.83,30.26,29.62,28.48,45.31
T2M_MAX,2011,32.97,35.1,40.15,42.55,44.08,38.9,35.66,32.33,30.58,31.41,33.27,33.52,44.08
T2M_MAX,2012,34.22,38.19,40.8,42.05,43.87,43.31,34.23,31.77,31.07,30.59,32.17,34.1,43.87
T2M_MAX,2013,34.7,36.12,40.55,41.73,45.59,36.31,31.56,30.76,30.12,29.97,29.2,29.49,45.59
T2M_MAX,2014,31.48,34.94,40.59,42.32,43.37,43.44,38.02,33.94,31.01,34.54,34.12,33.22,43.44
T2M_MAX,2015,32.88,36.3,40,42.05,45.9,41.08,36.74,34.81,34.15,36.59,35.06,35.73,45.9
T2M_MAX,2016,35.92,39.44,41.48,43.73,44.01,42.16,32.86,33.57,32,30.02,32.36,32.26,44.01
T2M_MAX,2017,34.33,37.95,42.47,44.08,44.75,42.1,34.55,33.53,32.59,34.37,33.47,32.96,44.75
T2M_MAX,2018,33.16,37.21,41.74,44.36,43.88,39.15,34.28,34.4,33.79,36.19,35.55,33.23,44.36
T2M_MAX,2019,32.94,38.59,42.16,44.45,44.86,44.42,35.03,31.61,31.41,29.76,29.94,29.84,44.86
T2M_MAX,2020,34.55,35.77,39.55,41.94,44.67,37.89,33.33,31.38,31.26,30.54,30.48,30.42,44.67
T2M_MAX,2021,33.67,37.29,41.43,41.68,41.23,38.16,32.11,31.16,30.3,30.61,30.58,29.6,41.68
T2M_MIN,1981,9.1,10.36,15.88,21.38,22.95,21.56,20.82,19.38,20.96,16.33,10.47,7.37,7.37
T2M_MIN,1982,13.74,14.96,16.7,21.62,23.93,22.74,20.99,20.01,19.19,18.29,15.33,11.94,11.94
T2M_MIN,1983,10.71,11.13,16.01,21.36,24.78,22.05,21.34,21.05,21.33,14.31,10.06,6.91,6.91
T2M_MIN,1984,10.92,12.82,16.28,23.94,23.25,21.28,21.2,20.24,20.15,14.38,11.02,12.09,10.92
T2M_MIN,1985,16.47,13.51,15.17,20.89,24.8,22.54,20.91,19.98,19.86,14.58,12.17,11.81,11.81
T2M_MIN,1986,10.76,14.11,18.85,20.82,24.26,21.28,21.19,20.47,20.01,14.82,13.15,11.21,10.76
T2M_MIN,1987,9.9,12.87,17.22,22.02,23.51,23.3,21.62,21.51,21.19,14.91,13.05,8.28,8.28
T2M_MIN,1988,13.01,13.94,17.39,21.33,26.18,22.2,21.98,21.86,21.43,15.83,8.9,12.14,8.9
T2M_MIN,1989,11.61,10.9,16.9,17.33,23.62,20.4,20.92,20.97,20.26,15.42,15.26,10.37,10.37
T2M_MIN,1990,12.84,13.4,14.9,19.46,22.61,22.4,21.19,21.24,18.9,16.68,12.64,12.44,12.44
T2M_MIN,1991,7.8,12.8,19.89,23.16,24.5,22.15,21.45,20.29,20.66,15.76,13.19,10.45,7.8
T2M_MIN,1992,9.55,13.27,17.06,23.57,25.41,21.08,21.2,19.89,18.17,14.6,11.8,11.72,9.55
T2M_MIN,1993,12.67,9.62,17.03,19.29,24.41,22.12,21.62,21.14,20.18,15.09,11.06,9.77,9.62
T2M_MIN,1994,12.63,12.26,17.36,22.35,25.27,22.09,20.95,20.87,16.42,18.15,12.12,8.86,8.86
T2M_MIN,1995,9.03,14.15,18.08,21.09,23.27,22.14,21.3,21.68,20.08,15.51,13.65,11.81,9.03
T2M_MIN,1996,13.42,12.7,17.15,19.9,23.71,22.58,21.58,21.54,19.8,15.17,12.26,8.26,8.26
T2M_MIN,1997,7.3,10.08,15.88,20.14,22.51,22.55,21.63,20.58,19.66,18.3,17.67,12.19,7.3
T2M_MIN,1998,12.89,12.58,16.89,20.79,27.48,23.61,21.54,22.51,21.19,16.3,11.74,10.12,10.12
T2M_MIN,1999,8.94,14.37,17.91,21.35,22.52,21.3,21.88,21.44,20.88,14.69,11.51,10.23,8.94
T2M_MIN,2000,10.26,12.77,14.49,20.14,23.65,21.89,21.3,20.46,19.86,16.69,14.21,11.48,10.26
T2M_MIN,2001,12.31,13.04,19.26,21.47,26.49,20.75,21.87,20.83,21.15,14.96,13.13,11.48,11.48
T2M_MIN,2002,9.72,16.42,19.28,21.61,23.69,22.93,22.04,20.44,19.9,15.34,13.42,13.71,9.72
T2M_MIN,2003,9.82,17.31,16.48,21.76,24.3,22.37,22.33,19.94,21.01,13.93,14.3,11.09,9.82
T2M_MIN,2004,11.95,9.17,17.21,20.28,23.59,22.73,21.76,21.26,20.94,14.22,13.63,12.79,9.17
T2M_MIN,2005,11.59,11.51,16.55,21.69,23.85,22.55,20.95,21.7,19.84,16.59,10.48,8.92,8.92
T2M_MIN,2006,8.26,14.31,16.17,21.32,23.86,23.08,21.67,20.33,20.15,17.08,14.17,11.58,8.26
T2M_MIN,2007,12.46,15.23,16.87,22.07,26.13,23.02,22.36,20.88,19.33,14.87,10.37,12.86,10.37
T2M_MIN,2008,10.76,10.05,16.64,17.04,24.05,22.55,21.82,21.15,18.24,14.09,12.61,12.4,10.05
T2M_MIN,2009,13.15,15.83,19.38,22.37,24.68,22.94,22.39,21.96,20.78,14.62,11.15,11.7,11.15
T2M_MIN,2010,10.56,15.9,19.05,20.97,22.91,23.7,21.73,20.21,18.55,15.51,16.55,8.86,8.86
T2M_MIN,2011,9,14.76,17.76,19.59,25.15,23.83,21.87,21.35,20.64,16.27,14.15,11.55,9
T2M_MIN,2012,9.7,12.63,14.29,23.58,24.56,22.6,21.87,21.29,20.85,14.4,11.18,11.51,9.7
T2M_MIN,2013,13.65,11.73,14.68,21.9,25.19,22.2,21.28,21.39,19.42,16.41,11.5,9.98,9.98
T2M_MIN,2014,12.38,12.85,15.67,21.27,21.98,24.31,22.32,21.16,18.79,14.75,14.71,9.76,9.76
T2M_MIN,2015,9.42,14.13,13.91,18.65,23.47,22.97,22.29,22.25,18.8,20.25,17.37,10.44,9.42
T2M_MIN,2016,11.4,14.78,20.07,23.08,24.12,23.23,22.08,21.34,20.2,13.58,12.19,10.15,10.15
T2M_MIN,2017,10.67,15.16,15.61,20.8,25.58,22.76,22.3,19.51,20.98,16.63,13.5,11.29,10.67
T2M_MIN,2018,12.08,14.4,19.57,21.76,26.19,22.83,21.9,21.65,19.18,16.44,14.8,8.3,8.3
T2M_MIN,2019,9.23,9.91,15.95,23.46,25.62,22.9,22.04,21.77,21.68,18.98,14.51,9.94,9.23
T2M_MIN,2020,11.05,15.32,17.83,22.8,25.55,22.4,21.35,22.22,21.36,16.67,11.48,10.24,10.24
T2M_MIN,2021,14.16,12.06,17.48,22.2,23.96,22.02,21.89,21.76,19.66,16.12,13.14,9.6,9.6
WS10M_MAX,1981,6.85,6.38,6.91,7.7,10.41,9.88,10.48,10.53,8.47,5.75,5.97,6.59,10.53
WS10M_MAX,1982,7.12,7.1,6.56,7.52,8.55,10.28,9.63,9.37,8.64,5.83,7.88,7.09,10.28
WS10M_MAX,1983,7.88,6.97,7.51,7.74,9.98,10.68,11.02,10.6,7.16,7.99,5.62,6.23,11.02
WS10M_MAX,1984,6.9,7.45,6.81,8.18,9.37,10.55,8.67,10.36,8.28,6.79,6.87,6.77,10.55
WS10M_MAX,1985,7.93,5.88,7.61,7.81,9.32,8.62,8.51,9.14,7.53,7.63,5.96,6.09,9.32
WS10M_MAX,1986,7.15,7.54,7.02,8.17,10.07,10.34,10.85,11.54,6.08,5.96,5.27,7.55,11.54
WS10M_MAX,1987,7.24,7.45,6.62,9.38,7.24,9.87,9.79,9.09,8.37,7.79,9.21,6.34,9.87
WS10M_MAX,1988,5.72,6.93,6.77,7.82,8.98,8.98,9.98,8.86,7.92,6.35,5.8,6.38,9.98
WS10M_MAX,1989,6.78,6.75,7.86,9.28,10.2,10.19,13.95,9.65,7.08,5.12,6.58,6.58,13.95
WS10M_MAX,1990,6.02,6.37,7.83,8.03,10.73,10.05,10.16,10.48,7.69,7.91,6.3,5.72,10.73
WS10M_MAX,1991,6.53,7.02,7.39,9.48,9.54,12.5,11.53,8.98,6.01,7.04,7.11,6.62,12.5
WS10M_MAX,1992,5.7,6.3,6.78,7.56,9.86,12.14,9.6,9.34,9.1,8.79,6.83,4.94,12.14
WS10M_MAX,1993,5.33,6.85,7.53,7.06,9.8,14.07,10.58,8.22,8.08,5.6,7.53,5.69,14.07
WS10M_MAX,1994,5.97,6.92,7.11,8.03,8.94,10.39,11.64,9.44,8.73,7.27,6.86,5.62,11.64
WS10M_MAX,1995,8.4,6.76,7.49,7.28,9.94,9.93,10.22,8.42,10.53,8.29,5.59,5.54,10.53
WS10M_MAX,1996,6.67,7.01,6.95,8.31,9.31,12.03,10.82,9.32,7.32,8.65,6.63,5.66,12.03
WS10M_MAX,1997,5.54,5.71,7.46,7.5,8.8,9.67,10.23,10.99,6.56,5.77,5.91,6.16,10.99
WS10M_MAX,1998,7.23,6.65,6.98,7.97,8.8,10.56,9.87,7.46,8.55,7.35,5.36,4.57,10.56
WS10M_MAX,1999,4.88,7.23,6.17,8.88,8.41,11.15,10.83,9.67,8.62,6.94,6.22,5.55,11.15
WS10M_MAX,2000,5.45,7.27,6.88,8.66,8.82,11.27,10.41,9.38,7.7,5.78,5.37,5.69,11.27
WS10M_MAX,2001,5.6,6.39,7.31,7.07,10.61,12.66,10.3,9.24,5.9,6.46,7.05,6.25,12.66
WS10M_MAX,2002,5.86,6.88,5.88,8.3,11.64,10.06,9.21,10.26,7.59,7.23,5.49,5.39,11.64
WS10M_MAX,2003,5.78,6.69,6.67,7.33,10.45,10.66,9.78,8.45,7.06,6.61,4.95,8.34,10.66
WS10M_MAX,2004,6.98,6.19,6.48,7.41,10.2,12.28,9.97,10.07,7.73,5.75,5.89,5.77,12.28
WS10M_MAX,2005,6.73,6.32,7.04,8.02,8.47,12.16,12.02,10.49,8.4,6.6,5.02,4.8,12.16
WS10M_MAX,2006,6.89,5.95,6.84,7.04,9.02,8.41,13.16,10.71,7.2,6.39,4.24,6.14,13.16
WS10M_MAX,2007,6.2,8.09,7.48,6.62,9.27,17.95,11.97,11.7,6.98,5.34,6.97,5.2,17.95
WS10M_MAX,2008,5.22,4.8,8.14,7.68,9.84,10.26,10.24,10.16,7.77,5.43,6.88,5.27,10.26
WS10M_MAX,2009,5.8,4.78,6.88,7.45,9.65,9.23,12.12,7.77,8.2,8.01,7.93,5.36,12.12
WS10M_MAX,2010,6.34,6.25,6.77,7.1,11.35,11.32,9.44,8.27,8.24,6.12,7.7,5.66,11.35
WS10M_MAX,2011,5.37,7.19,6.47,7.27,9.43,10.39,8.56,9.66,8.67,5.27,5.5,6.99,10.39
WS10M_MAX,2012,7.1,7.3,6.89,9.24,10.67,9.63,9.39,9.64,8.28,8.62,8.23,5.77,10.67
WS10M_MAX,2013,6.12,6.66,9.29,7.56,9.54,10.3,10.43,9.51,8.8,7.91,5.73,6.47,10.43
WS10M_MAX,2014,6.77,7.52,6.38,7.15,8.16,10.07,10.77,8.64,8.82,8.12,6.95,5.7,10.77
WS10M_MAX,2015,6.57,6.57,7.05,7.16,10.05,11.45,9.42,10.29,9.3,5.48,7.38,6.29,11.45
WS10M_MAX,2016,6.38,8.88,6.43,6.84,10.38,8.51,12.46,9.88,7.27,5.69,5.05,6.04,12.46
WS10M_MAX,2017,5.6,7.24,8.23,7.56,9.26,9.23,9.94,8.41,6.28,5.5,5.95,6.32,9.94
WS10M_MAX,2018,5.51,6.8,5.97,6.32,9.77,9.82,9.86,9.75,7.71,8.03,5.12,6.7,9.86
WS10M_MAX,2019,6.59,6.64,7.43,6.77,9.6,9.9,11.48,10.6,8.63,4.66,4.31,5.9,11.48
WS10M_MAX,2020,6.54,7.74,7.39,6.55,8.88,11.2,9.23,9.74,8.2,9.7,6.38,5.12,11.2
WS10M_MAX,2021,5.77,6.41,5.97,6.16,9.96,9.55,11.42,8.83,9.64,5.95,5.71,5.12,11.42
WS10M_MIN,1981,0.2,0.2,0.16,0.16,0.09,0.48,0.25,0.54,0.16,0.05,0.15,0.2,0.05
WS10M_MIN,1982,0.32,0.14,0.11,0.06,0.1,0.42,0.97,1.72,0.06,0.11,0.29,0.34,0.06
WS10M_MIN,1983,0.06,0.09,0.23,0.15,0.11,0.16,0.21,0.97,0.29,0.27,0.81,0.51,0.06
WS10M_MIN,1984,0.31,0.34,0.48,0.18,0.09,0.48,0.27,1.06,0.29,0.24,0.75,0.08,0.08
WS10M_MIN,1985,0.24,0.14,0.02,0.25,0.17,1.12,0.42,0.16,0.16,0.27,0.62,0.28,0.02
WS10M_MIN,1986,0.95,0.2,0.45,0.2,0.27,0.58,0.28,0.33,0.04,0.19,0.4,0.18,0.04
WS10M_MIN,1987,0.52,1.45,0.3,0.16,0.24,0.12,0.68,0.17,0.05,0.16,0.05,0.45,0.05
WS10M_MIN,1988,0.09,0.13,0.08,0.12,0.16,0.27,0.33,0.3,0.03,0.31,0.21,0.31,0.03
WS10M_MIN,1989,0.49,0.2,0.34,0.1,0.22,0.5,0.13,1.84,0.02,0.05,0.23,0.45,0.02
WS10M_MIN,1990,0.14,0.2,0.16,0.1,0.31,0.37,1.71,0.3,0.44,0.25,0.3,0.62,0.1
WS10M_MIN,1991,0.22,0.09,0.08,0.09,0.23,0.18,0.41,1.73,0.12,0.12,0.15,0.13,0.08
WS10M_MIN,1992,0.31,0.33,0.25,0.14,0.09,0.32,0.56,0.41,0.09,0.3,0.04,0.28,0.04
WS10M_MIN,1993,0.2,0.14,0.19,0.09,0.3,0.7,0.15,0.66,0.4,0.16,0.54,0.17,0.09
WS10M_MIN,1994,0.39,0.21,0.19,0.16,0.3,0.42,1.95,0.41,0.24,0.09,0.33,0.29,0.09
WS10M_MIN,1995,0.51,0.3,0.05,0.21,0.31,0.42,0.33,0.26,0.04,0.28,0.02,0.2,0.02
WS10M_MIN,1996,0.27,0.07,0.03,0.07,0.14,0.45,0.45,0.41,0.12,0.2,0.27,0.34,0.03
WS10M_MIN,1997,0.17,0.09,0.07,0.1,0.06,0.28,0.61,0.5,0.18,0.08,0.2,0.14,0.06
WS10M_MIN,1998,0.1,0.23,0.31,0.36,0.25,0.26,0.39,0.34,0.11,0.15,0.05,0.28,0.05
WS10M_MIN,1999,0.35,0.23,0.12,0.11,0.18,0.4,0.17,0.76,0.28,0.18,0.41,0.57,0.11
WS10M_MIN,2000,0.09,0.12,0.18,0.17,0.41,0.24,0.15,0.35,0.41,0.2,0.19,0.25,0.09
WS10M_MIN,2001,0.13,0.2,0.16,0.07,0.1,0.19,0.11,0.31,0.17,0.23,0.2,1,0.07
WS10M_MIN,2002,0.51,0.38,0.09,0.16,0.22,0.64,0.28,1.05,0.16,0.18,0.34,0.12,0.09
WS10M_MIN,2003,0.2,0.3,0.09,0.42,0.23,0.59,0.38,0.41,0.09,0.48,0.02,0.59,0.02
WS10M_MIN,2004,0.43,0.13,0.19,0.15,0.3,0.45,1.16,1.62,0.12,0.05,0.14,0.09,0.05
WS10M_MIN,2005,0.09,0.06,0.14,0.09,0.06,0.09,0.47,0.16,0.17,0.35,0.25,0.39,0.06
WS10M_MIN,2006,0.19,0.14,0.12,0.17,0.08,0.27,1.87,1.41,0.05,0.09,0.3,0.27,0.05
WS10M_MIN,2007,0.53,0.04,0.12,0.11,0.33,0.45,0.48,0.82,0.18,0.23,0.16,0.12,0.04
WS10M_MIN,2008,0.2,0.27,0.06,0.09,0.14,0.3,0.41,0.24,0.28,0.07,0.09,0.2,0.06
WS10M_MIN,2009,0.48,0.29,0.2,0.29,0.11,0.73,0.27,0.29,0.23,0.1,0.3,0.5,0.1
WS10M_MIN,2010,0.2,0.23,0.13,0.09,0.26,0.09,0.7,0.29,0.4,0.72,0.55,0.06,0.06
WS10M_MIN,2011,0.13,0.21,0.34,0.32,0.34,0.52,0.38,0.34,0.25,0.05,0.44,0.45,0.05
WS10M_MIN,2012,0.18,0.37,0.31,0.1,0.09,0.3,0.31,0.41,0.16,0.14,0.3,0.09,0.09
WS10M_MIN,2013,0.38,0.29,0.14,0.24,0.13,0.02,1.76,0.24,0.08,0.12,0.8,0.06,0.02
WS10M_MIN,2014,0.45,0.51,0.02,0.25,0.2,0.14,0.78,0.27,0.37,0.03,0.14,0.69,0.02
WS10M_MIN,2015,0.23,0.13,0.04,0.2,0.2,0.38,0.39,0.16,0.13,0.21,0.93,0.11,0.04
WS10M_MIN,2016,0.11,0.23,0.13,0.05,0.11,0.15,1.05,0.22,0.45,0.12,0.22,0.38,0.05
WS10M_MIN,2017,0.36,0.33,0.27,0.1,0.18,0.24,1.51,0.12,0.18,0.14,0.57,0.37,0.1
WS10M_MIN,2018,0.38,0.43,0.15,0.07,0.13,0.09,1.11,0.41,0.18,0.26,0.58,0.17,0.07
WS10M_MIN,2019,0.16,0.08,0.22,0.28,0.16,0.24,0.58,0.2,0.14,0.64,0.49,1.15,0.08
WS10M_MIN,2020,0.16,0.51,0.02,0.21,0.12,0.24,0.11,0.27,0.16,0.05,0.56,0.2,0.02
WS10M_MIN,2021,0.3,0.3,0.33,0.18,0.2,0.4,0.11,0.02,0.12,0.09,0.48,0.26,0.02
WS50M_MAX,1981,8.94,8.66,9.63,10.05,12.65,13.21,13.36,13.79,10.86,7.07,7.32,8.52,13.79
WS50M_MAX,1982,8.98,10.38,9.3,9.88,10.64,12.38,12.12,11.86,10.87,8.68,9.91,9.07,12.38
WS50M_MAX,1983,9.81,9.12,10.77,10.03,11.63,13.15,13.83,14.22,9.21,10.34,7.59,8.32,14.22
WS50M_MAX,1984,9.7,10.21,8.99,10.73,12.09,12.97,10.95,12.98,10.41,8.5,8.67,9.03,12.98
WS50M_MAX,1985,9.46,8.76,10.22,10.26,11.84,11.05,10.81,11.54,9.34,9.49,9.05,8.88,11.84
WS50M_MAX,1986,9.3,10.7,9.5,10.77,13.16,12.9,14.25,15.02,7.68,9.48,7.95,10.28,15.02
WS50M_MAX,1987,8.59,9.51,9.56,11.25,8.62,12.16,11.98,11.45,10.45,9.67,12.2,7.74,12.2
WS50M_MAX,1988,8.89,9.94,8.92,10.48,10.77,11.68,13.38,11.34,10.08,8.05,8.35,9.4,13.38
WS50M_MAX,1989,9.47,9.17,10.09,11.2,13.01,12.72,18.16,12.49,8.96,6.95,8.52,8.52,18.16
WS50M_MAX,1990,8.45,9.48,9.32,10.56,13.05,12.29,12.57,14.5,9.55,10.46,7.96,9.14,14.5
WS50M_MAX,1991,8.46,10.16,9.55,11.19,11.35,15.23,14.65,11.36,7.95,8.91,8.96,8.49,15.23
WS50M_MAX,1992,9.66,9.41,9.34,8.99,11.66,14.52,11.96,11.73,11.57,11.67,8.25,8,14.52
WS50M_MAX,1993,8.49,9.41,10.17,10.19,11.8,17.29,13.35,10.32,10.1,7.44,9.21,8.6,17.29
WS50M_MAX,1994,8.45,9.53,9.54,9.66,10.72,12.7,14.79,12.07,11.02,9.67,8.4,8,14.79
WS50M_MAX,1995,10.7,10.08,10.13,10.07,12.62,11.87,12.84,10.47,13.44,10.91,7.67,9.01,13.44
WS50M_MAX,1996,9.72,9.8,9.99,10,11.26,14.57,13.67,12.49,9.34,10.96,8.26,7.45,14.57
WS50M_MAX,1997,8.93,8.36,8.98,9.24,10.66,11.7,13.12,14.18,8.26,7.95,8.02,8.91,14.18
WS50M_MAX,1998,9.53,9.1,9.39,10.59,10.93,12.93,12.2,9.27,10.75,9.15,7.41,7.03,12.93
WS50M_MAX,1999,7.88,10.17,8.62,10.54,10.8,13.95,13.45,12.2,11.25,8.33,8.59,8.75,13.95
WS50M_MAX,2000,9.22,10.01,9.93,10.48,10.5,14.47,12.99,12.72,10.18,8.41,8.25,8.31,14.47
WS50M_MAX,2001,8.57,9.51,9.54,9.66,13.33,16.06,12.5,11.5,7.33,8.88,9.11,8.42,16.06
WS50M_MAX,2002,8.82,8.93,8.99,10.01,14.26,12.5,11.91,13.13,9.9,8.74,7.9,8.47,14.26
WS50M_MAX,2003,8.59,9.97,8.85,10.13,12.59,13.29,12.27,10.74,8.78,9.34,7.62,10.22,13.29
WS50M_MAX,2004,9.86,9.27,9.64,10.04,11.75,15.01,12.61,12.7,9.73,8.26,8.62,8.47,15.01
WS50M_MAX,2005,10.06,9.84,10.38,10.22,10.41,15.14,15.37,13.21,10.76,8.54,6.34,7.73,15.37
WS50M_MAX,2006,8.27,9.58,9.17,9.82,10.73,10.14,16.26,14.27,8.95,8.05,7.41,7.85,16.26
WS50M_MAX,2007,9.63,10.48,10.23,9.08,10.99,22.28,15.01,15.55,8.67,7.35,8.63,8.06,22.28
WS50M_MAX,2008,8.76,7.93,10.16,9.36,11.65,12.45,12.72,13.53,10.34,7.07,8.92,7.38,13.53
WS50M_MAX,2009,8.93,7.53,10.23,9.38,11.46,11.8,15.19,9.44,10.33,11.2,10.06,8.56,15.19
WS50M_MAX,2010,8.08,8.86,9.62,9.02,13.88,13.47,11.99,10.25,10.47,9.03,9.61,7.93,13.88
WS50M_MAX,2011,9.17,10.05,8.67,9.21,11.21,13.29,11.77,13.01,11.13,7.92,7.91,8.59,13.29
WS50M_MAX,2012,8.66,9.35,10.31,10.91,12.84,12.42,12,12.4,10.46,11.16,10.2,8.09,12.84
WS50M_MAX,2013,9.07,9.79,11.33,10.01,11.9,13.8,13.22,12.94,11.63,10.02,7.45,8.86,13.8
WS50M_MAX,2014,9.3,9.06,9.59,9.57,10.25,12.03,13.42,10.73,11.27,10.17,9.14,8.65,13.42
WS50M_MAX,2015,8.73,9.31,10.25,9.4,12.06,14.13,11.34,12.59,11.68,8.05,8.89,8.66,14.13
WS50M_MAX,2016,8.95,10.46,9.56,9.39,12.35,10.95,15.71,12.55,9.75,7.52,7.59,8.93,15.71
WS50M_MAX,2017,8.79,8.62,9.98,9.64,11.25,11.29,12.39,11.27,7.92,7.21,8.63,8.48,12.39
WS50M_MAX,2018,7.88,8.8,8.07,8.56,12.1,12.09,12.34,12.58,9.94,9.85,7.98,8.63,12.58
WS50M_MAX,2019,9.58,8.91,9.98,9.4,11.69,12.45,14.07,13.97,10.88,6.72,7.45,8.36,14.07
WS50M_MAX,2020,9.26,9.56,8.83,8.04,10.34,13.39,11.38,12.61,11.57,12.73,8.07,7.99,13.39
WS50M_MAX,2021,8.23,8.73,10.08,8.85,12.78,11.89,15.43,11.06,12.44,7.3,6.84,7.63,15.43
WS50M_MIN,1981,0.25,0.3,0.23,0.11,0.23,0.66,0.47,0.77,0.19,0.34,0.2,0.07,0.07
WS50M_MIN,1982,0.41,0.24,0.34,0.11,0.17,0.72,1.63,2.88,0.08,0.15,0.29,0.12,0.08
WS50M_MIN,1983,0.09,0.18,0.32,0.25,0.18,0.26,0.34,1.52,0.41,0.43,0.99,0.69,0.09
WS50M_MIN,1984,0.45,0.5,0.32,0.23,0.14,0.53,0.36,1.76,0.39,0.23,0.91,0.02,0.02
WS50M_MIN,1985,0.27,0.17,0.02,0.32,0.13,1.25,0.48,0.23,0.23,0.75,0.69,0.4,0.02
WS50M_MIN,1986,1.08,0.29,0.61,0.29,0.1,0.63,0.46,0.47,0.07,0.25,0.52,0.5,0.07
WS50M_MIN,1987,0.73,1.52,0.38,0.21,0.24,0.22,0.98,0.34,0.05,0.23,0.06,0.65,0.05
WS50M_MIN,1988,0.12,0.18,0.14,0.07,0.23,0.27,0.46,0.45,0.16,0.4,0.22,0.38,0.07
WS50M_MIN,1989,0.34,0.26,0.42,0.14,0.27,0.59,0.15,3.24,0.08,0.05,0.64,0.67,0.05
WS50M_MIN,1990,0.12,0.28,0.2,0.12,0.27,0.52,3.26,0.35,0.7,0.42,0.4,1.02,0.12
WS50M_MIN,1991,0.34,0.06,0.11,0.08,0.3,0.11,0.6,3.19,0.17,0.16,0.2,0.15,0.06
WS50M_MIN,1992,0.4,0.33,0.2,0.3,0.28,0.35,0.7,0.62,0.15,0.43,0.09,0.36,0.09
WS50M_MIN,1993,0.08,0.16,0.23,0.21,0.25,0.83,0.25,0.95,0.57,0.2,0.53,0.23,0.08
WS50M_MIN,1994,0.59,0.24,0.21,0.22,0.34,0.49,3.45,0.55,0.32,0.09,0.36,0.34,0.09
WS50M_MIN,1995,0.64,0.09,0.19,0.32,0.27,0.73,0.32,0.34,0.06,0.21,0.03,0.28,0.03
WS50M_MIN,1996,0.22,0.13,0.03,0.13,0.66,0.46,0.48,0.59,0.12,0.26,0.4,0.5,0.03
WS50M_MIN,1997,0.22,0.09,0.02,0.14,0.08,0.37,0.83,0.73,0.16,0.27,0.17,0.18,0.02
WS50M_MIN,1998,0.01,0.12,0.36,0.33,0.29,0.44,0.59,0.49,0.16,0.15,0.12,0.35,0.01
WS50M_MIN,1999,0.26,0.28,0.16,0.26,0.05,0.57,0.18,0.66,0.3,0.24,0.49,0.45,0.05
WS50M_MIN,2000,0.09,0.16,0.21,0.23,0.41,0.41,0.24,0.55,0.43,0.18,0.24,0.31,0.09
WS50M_MIN,2001,0.13,0.31,0.2,0.1,0.39,0.17,0.16,0.3,0.24,0.31,0.27,1.05,0.1
WS50M_MIN,2002,0.73,0.34,0.12,0.16,0.35,0.91,0.4,1.19,0.2,0.21,0.42,0.17,0.12
WS50M_MIN,2003,0.27,0.3,0.05,0.45,0.34,0.73,0.55,0.66,0.01,0.52,0.03,0.59,0.01
WS50M_MIN,2004,0.55,0.08,0.38,0.31,0.44,0.51,1.71,2.73,0.14,0.05,0.65,0.1,0.05
WS50M_MIN,2005,0.18,0.07,0.21,0.06,0.25,0.41,0.77,0.33,0.31,0.48,0.3,0.43,0.06
WS50M_MIN,2006,0.15,0.02,0.27,0.2,0.18,0.31,3.66,2.23,0.12,0.09,0.41,0.3,0.02
WS50M_MIN,2007,0.78,0.06,0.09,0.16,0.34,0.73,0.69,1.02,0.29,0.42,0.27,0.21,0.06
WS50M_MIN,2008,0.23,0.32,0.07,0.12,0.22,0.22,0.5,0.21,0.45,0.23,0.08,0.27,0.07
WS50M_MIN,2009,0.62,0.48,0.18,0.41,0.17,0.75,0.27,0.32,0.27,0.12,0.27,0.55,0.12
WS50M_MIN,2010,0.29,0.34,0.21,0.12,0.36,0.14,1.07,0.48,0.55,0.7,0.61,0.05,0.05
WS50M_MIN,2011,0.16,0.12,0.45,0.35,0.46,0.66,0.52,0.5,0.34,0.06,0.48,0.6,0.06
WS50M_MIN,2012,0.12,0.38,0.2,0.09,0.12,0.12,0.42,0.56,0.25,0.3,0.2,0.05,0.05
WS50M_MIN,2013,0.5,0.4,0.05,0.24,0.26,0.09,2.67,0.33,0.08,0.16,1.06,0.09,0.05
WS50M_MIN,2014,0.65,0.44,0.03,0.31,0.29,0.25,1.01,0.35,0.49,0.07,0.14,0.45,0.03
WS50M_MIN,2015,0.44,0.17,0.14,0.27,0.17,0.41,0.55,0.23,0.23,0.52,0.94,0.13,0.13
WS50M_MIN,2016,0.03,0.23,0.22,0.16,0.22,0.21,1.55,0.45,0.64,0.16,0.23,0.51,0.03
WS50M_MIN,2017,0.38,0.36,0.3,0.16,0.13,0.2,2.79,0.19,0.2,0.18,0.65,0.41,0.13
WS50M_MIN,2018,0.48,0.41,0.04,0.19,0.1,0.13,2.15,0.71,0.08,0.42,0.5,0.12,0.04
WS50M_MIN,2019,0.22,0.22,0.34,0.21,0.17,0.29,0.75,0.42,0.2,0.8,0.46,1.26,0.17
WS50M_MIN,2020,0.16,0.5,0.06,0.2,0.12,0.34,0.16,0.39,0.07,0.07,0.6,0.38,0.06
WS50M_MIN,2021,0.29,0.34,0.27,0.25,0.25,0.66,0.12,0.03,0.15,0.16,0.56,0.31,0.03
PS,1981,97.02,96.82,96.66,96.29,96.02,95.76,95.9,95.92,96.19,96.67,96.86,97.15,96.44
PS,1982,96.96,96.72,96.54,96.33,96.24,95.85,95.89,95.95,96.32,96.75,96.87,97.04,96.45
PS,1983,97.03,96.73,96.57,96.33,96.09,95.84,95.88,95.89,96.08,96.5,97.06,97.01,96.42
PS,1984,96.75,96.71,96.56,96.17,95.85,95.73,95.85,95.96,96.31,96.57,96.96,96.77,96.35
PS,1985,96.83,96.4,96.47,96.15,95.84,95.83,95.99,95.96,96.24,96.55,96.88,96.96,96.34
PS,1986,96.94,96.73,96.49,96.23,95.99,95.78,95.95,96,96.33,96.65,96.81,97.02,96.41
PS,1987,97.04,96.92,96.6,96.35,96.36,95.85,96.09,95.96,96.32,96.62,96.73,97.11,96.49
PS,1988,96.91,96.67,96.44,96.34,95.85,95.88,95.87,95.97,96.06,96.58,96.98,97.1,96.39
PS,1989,96.84,96.83,96.56,96.28,95.86,95.93,95.9,95.91,96.26,96.59,97.02,97.09,96.42
PS,1990,97.01,96.72,96.59,96.21,95.97,95.88,95.96,95.96,96.23,96.65,96.88,97.08,96.43
PS,1991,96.92,96.84,96.49,96.28,96.05,95.78,95.8,96.04,96.39,96.53,97,97.01,96.43
PS,1992,97.16,96.79,96.64,96.39,96.03,95.75,95.94,96.02,96.27,96.58,96.89,97.19,96.47
PS,1993,97,96.88,96.69,96.39,96.02,95.92,95.85,96.11,96.22,96.7,96.93,97.11,96.48
PS,1994,96.89,96.68,96.56,96.36,96.04,95.72,95.8,95.98,96.36,96.65,97.05,97.18,96.44
PS,1995,97.1,96.8,96.62,96.38,96,95.75,95.83,95.99,96.18,96.48,96.77,97.18,96.42
PS,1996,96.87,96.74,96.44,96.29,96.08,95.86,95.85,96,96.11,96.53,96.83,97.04,96.38
PS,1997,97,96.77,96.66,96.5,96.17,96.07,95.88,96.07,96.43,96.92,96.91,97,96.53
PS,1998,96.97,96.92,96.66,96.39,96.02,95.8,95.9,96.06,96.11,96.44,96.78,97.1,96.43
PS,1999,96.87,96.89,96.34,96.12,95.95,95.94,95.84,96.08,96.19,96.48,96.92,97.02,96.39
PS,2000,96.87,96.64,96.52,96.14,96.05,95.81,95.85,95.92,96.29,96.46,96.77,96.94,96.36
PS,2001,96.81,96.63,96.49,96.38,95.98,95.87,95.93,96.02,96.27,96.52,96.89,97.17,96.41
PS,2002,96.93,96.96,96.55,96.28,95.96,95.91,96.07,96,96.37,96.62,96.86,96.99,96.46
PS,2003,97.06,96.76,96.59,96.33,96.04,95.84,95.96,96.05,96.21,96.58,97,97.09,96.46
PS,2004,96.92,96.89,96.55,96.28,96.04,95.99,95.95,96,96.35,96.78,96.99,97.01,96.48
PS,2005,96.88,96.87,96.63,96.49,96.08,95.79,95.9,96.1,96.13,96.6,96.96,96.95,96.45
PS,2006,97,96.85,96.57,96.28,96.05,95.98,95.9,95.98,96.25,96.8,96.92,97.09,96.47
PS,2007,97.09,96.77,96.59,96.36,96.01,95.81,95.91,95.98,96.06,96.6,96.9,96.95,96.42
PS,2008,96.86,96.8,96.5,96.3,96.01,95.94,95.91,96,96.23,96.7,96.83,96.95,96.42
PS,2009,96.99,96.72,96.56,96.29,95.96,95.92,95.84,96.12,96.22,96.61,96.83,97,96.42
PS,2010,97.1,96.8,96.63,96.37,95.95,95.97,95.94,96,96.23,96.4,96.73,96.74,96.4
PS,2011,96.88,96.73,96.56,96.36,96.08,95.87,95.85,95.93,96.18,96.66,96.87,96.88,96.4
PS,2012,96.84,96.7,96.57,96.3,96.01,95.91,95.87,96.01,96.25,96.71,96.78,96.87,96.4
PS,2013,96.96,96.84,96.63,96.3,95.93,95.83,95.78,96.06,96.21,96.49,96.93,96.97,96.41
PS,2014,97.08,96.76,96.8,96.48,96.19,95.89,95.94,96.12,96.33,96.75,96.91,97,96.52
PS,2015,97.08,96.9,96.83,96.49,96.15,95.98,96.04,96.21,96.38,96.76,96.88,97.03,96.56
PS,2016,97.03,96.84,96.66,96.32,96.09,95.96,95.99,96.05,96.21,96.6,96.95,97,96.47
PS,2017,97.02,96.95,96.57,96.33,96.11,95.98,96.01,96.03,96.32,96.49,96.81,97,96.47
PS,2018,96.87,96.89,96.6,96.33,96.08,95.92,95.89,96.01,96.43,96.78,96.93,97.03,96.48
PS,2019,97.11,96.93,96.66,96.36,96.14,95.93,95.93,95.99,96.25,96.72,96.92,97.06,96.5
PS,2020,96.98,96.99,96.66,96.5,96.15,95.99,95.99,95.95,96.14,96.37,96.98,96.98,96.47
PS,2021,96.82,96.89,96.64,96.43,96.12,96.06,95.9,96.1,96.06,96.53,96.74,97.06,96.44
